Аляксееў Аляксандр Сяргеевіч,Бабруйск,1 Веласіпедны Пер.
Банылян Уладзімір Васільевіч,Баранавічы,1 Загарадны Пер.
Брусничкина Людміла Фёдараўна,Барысаў,1 Цвёрды Пер.
Гайва Іван Васільевіч,Барань,2 Веласіпедны Пер.
Ганчарэнка Тамара Віктараўна,Белаазёрск,2 Германоўскага Пер.
Грыгарэнка Міхаіл Іванавіч,Бяроза,2 Чыгуначны Пер.
Данілевіч Павел Рамановіч,Беразіно,2 Слепнянский Пер.
Яўсеева Раіса Емяльянаўна,Бярозаўка,2-Я Шостая Лінія
Загараднай Іван Мікалаевіч,Браслаў,3 Волочаевский Пер.
Іванова Ганна Генадзьеўну,Брэст,3-га верасня Ул.
Калныш Віктар Васільевіч,Буда-Кашалёва,4 Мантажнікаў Пер.
Колотун Уладзімір Андрэевіч,Быхаў,50-годдзя Перамогі Ул.
Катоў Віталь Уладзіміравіч,Васілевічы,Авакяна Ул.
Латыпаў Раман Назарович,Верхнядзвінск,Авангардная Ул.
Марцірасян Ліяна Рафиковна,Ветка,Авангардны Пер.
Микитюк Ганна Лявонцьеўна,Вілейка,Авіяцыйны Пер.
Нізаўцы Алег Мікалаевіч,Віцебск,Авроровская Ул.
Арлова Марына Уладзіміраўна,Ваўкавыск,Автодоровская Ул.
Потужный Пётр Аляксеевіч,Валожын,Автодоровский Пер.
Радойчин Генадзь Віталевіч,Высокае,Аўтазаводская Ул.
Саўчанка Уладзімір Іванавіч,Ганцавічы,Аўтазаводскі Пер.
Соколенко Вера Іванаўна,Глыбокае,Азгура Ул.
Цімашэнка Алег Васільевіч,Гомель,Азізавым Ул.
Фаменка Віталь Уладзіміравіч,Горкі,Азоўская Ул.
Чердип Гхай Гхай,Гарадок,Айвазоўскага Пер.
Шеховцова Яна Уладзіславаўна,Гродна,Айвазоўскага Ул.
Шчур Уладзімір Мирославович,Давыд-Гарадок,Акадэмічная Ул.
Адамовіч Ігар Аляксеевіч,Дзяржынск,Аляксандраўская Ул.
Бауэр Уладзімір Уладзіміравіч,Дзісна,Алібегава Ул.
Васіленка Аксана Мікалаеўна,Добруш,Аллейная Ул.
Галака Галіна Іванаўна,Докшыцы,Алтайская Ул.
Горач Павел Іванавіч,Драгічын,Алтайскі Пер.
Даненкаў Яўген Васільевіч,Дуброўна,Амбулаторная Ул.
"Дручкамі, Сяргей Анатольевіч",Дзятлава,Амбулаторны Пер.
Ярмак Сяргей Рыгоравіч,Ельск,Амуратарская Ул.
Заблоцкі Аляксандр Антонавіч,Жодзіна,Амурская Ул.
Іваноў Анатоль Яўгенавіч,Жабінка,Амурскі Пер.
Кабарчук Уладзімір Анатольевіч,Жыткавічы,Ангарская Ул.
Калеснікаў Уладзімір Віктаравіч,Жлобін,Ангарскі Пер.
Курц Вадзім Аляксандравіч,Заслаўе,Андрэеўская Ул.
Лабушева Аксана Уладзіміраўна,Іванава,Аннаева Ул.
Мазур Віктар Пятровіч,Івацэвічы,Антонава Ул.
Мінаяў Уладзімір Юр'евіч,Іўе,Антонаўская Ул.
Надтачэй Дзмітрый Аляксандравіч,Калінкавічы,Аполинарьевская Ул.
Паўла Аляксандра Якаўлеўна,Камянец,Аранская Ул.
Пятрэнка Анатоль Мікалаевіч,Кіраўск,Арцёма 1-Й Пер.
Прыходзька Ірына Сцяпанаўна,Клецк,Арцёма 1-Й Праезд
Розмарица Аляксандр Уладзіміравіч,Клімавічы,Арцёма Ул.
Савіцкі Уладзімір Зянонавіч,Клічаў,Артылерыстаў Ул.
Сербулов Васіль Аляксеевіч,Кобрын,Асаналіева Пер.
Стинская Юлія Анатольеўна,Капыль,Асаналіева Ул.
Тарасенка Аляксей Віктаравіч,Косава,Аўэзава Ул.
Хаанг Дак Хоп,Касцюковічы,Аэрадромная Ул.
Чамярысы Віктар Рыгоравіч,Крычаў,Аэрадромны Пер.
Шаўчэнка Уладзімір Вітальевіч,Крупкі,Аэрафлоцкай Ул.
Щоткин Аляксандр Станіслававіч,Лепель,Аэрафлоцкай 1-Й Пер.
Відавочны Ігар Вячаслававіч,Ліда,Аэрафлоцкай Пер.
Арцёмаў Анатоль Пятровіч,Лагойск,Бабуліна Ул.
Базя Дзмітрый Васільевіч,Лунінец,Баграціёна 1-Й Пер.
Вергелес Ксенія Маркаўна,Любань,Баграціёна 2-Й Пер.
Гайдаенко Неля Вітальеўна,Ляхавічы,Баграціёна Ул.
Гурын Аляксандр Пятровіч,Мазыр,Барвовая Ул.
Данілаў Васіль Сямёнавіч,Маларыта,Барвяны Пер.
Евчев Мікалай Васільевіч,Мар'іна Горка,Базісная 1-Я Ул.
Жанберов Раман Уладзіміравіч,Мікашэвічы,Базісная 2-Я Ул.
Зэлік Аляксандр Іванавіч,Мінск,Базісны Пер.
Ільніцкі Яўген Яўгенавіч,Мёры,Байкальская Ул.
Каравульны Аляксандр Аляксеевіч,Магілёў,Бакінская Ул.
Каваленка Алена Анатольеўна,Маладзечна,Балтыйская Ул.
Кастусёва Антаніна Уладзіміраўна,Масты,Басиаловский 1-Й Пер.
Кудраўцаў Канстанцін Вітальевіч,Мсціслаў,Бачыла Ул.
Лаўранюк Максім Юр'евіч,Мядзел,Бяды Ул.
Лядоўская Ірына Віктараўна,Наваполацк,Бялецкага Ул.
Магеррамова Галіна Яраславаўна,Нароўля,Бялінскага Ул.
Наважылаў Ігар Мікалаевіч,Нясвіж,Беламорская Ул.
Алейнік Аляксандр Аляксеевіч,Наваградак,Беларуская Ул.
Паўлюк Уладзімір Уладзіміравіч,Новалукомль,Бельскага Ул.
Плаксін Сяргей Пятровіч,Орша,Бяляева Ул.
Рябуха Аляксандр Мікалаевіч,Асіповічы,Беразіно Кастрычніцкая Ул.
Сайпашев Андрэй Уладзіміравіч,Ашмяны,Бярэзінская Ул.
Сесь Аляксандр Міхайлавіч,Пінск,Берасцянская Ул.
Старовойтенко Надзея Сцяпанаўна,Полацк,Берсана Ул.
Цяцера Аляксандр Максімавіч,Петрыкаў,Берута Ул.
Усціменка Вадзім Аляксандравіч,Паставы,Бетонны Праезд
Фясенка Яна Анатольеўна,Пружаны,Бехцерава Пер.
Цыбульскі Іван Сцяпанавіч,Рэчыца,Бехцерава Ул.
Чарнышоў Сяргей Мікалаевіч,Рагачоў,Бібліятэчная Ул.
Широбоков Міхаіл Іванавіч,Светлагорск,Бірузова Ул.
Юрчанка Ігар Валер'евіч,Свіслач,Бірузовы Пер.
Яхлаков Аляксей Пятровіч,Сянно,Бабруйская Ул.
Аврамченко Васіль Ісакавіч,Скідаль,Багдановіча Пер.
Бабіна Валянціна Міхайлаўна,Слаўгарад,Багдановіча Ул.
Бочковская Валянціна Іванаўна,Слонім,Балотная Ул.
Ветрава Сафія Фёдараўна,Слуцк,Балотнікава Пер.
Галатон Аксана Валер'еўна,Смалявічы,Балотнікава Ул.
Гардзіенка Аляксей Кузьміч,Смаргонь,Балотны Пер.
Гусар Анатоль Міхайлавіч,Салігорск,Баравая Д.
Данька Алег Міхайлавіч,Старыя Дарогі,Боровецкий Пер.
Еўдакімава Марыя Васільеўна,Стоўбцы,Барадзінская Ул.
Жеглатый Мікалай Фёдаравіч,Столін.,Батанічная Ул.
Заваліны Ігар Вячаслававіч,Талачын,Брагінская Ул.
Захарчук Васіль Уладзіміравіч,Тураў,Брагінскі 1-Й Пер.
Іваноў Алег Мікалаевіч,Узда,Брагінскі 2-Й Пер.
Ісмаілаў Энвер,Фаніпаль,Братэрскі Пер.
Казиев Уладзімір Іванавіч,Хойнікі,Брэст-Літоўская Ул.
Кліменка Іван Васільевіч,Чавусы,Брэсцкая вобл. Г.Пружаны Комсомольская Ул.
Корнетова Юлія Уладзіміраўна,Чашнікі,Брэсцкая Ул.
Краёвай Эдуард Уладзіміравіч,Чэрвень,Брэсцкі 1-Й Пер.
Лаўрыненка Васіль Леонтиевич,Чэрыкаў,Брэсцкі 2-Й Пер.
Літвін Аляксей Григориевич,Чачэрск,Брэсцкі 3-Й Пер.
Майці Сяргей Мікітавіч,Шклоў,Брэсцкі 4-Й Пер.
Мокры Уладзімір Кирьянович,Шчучын,Брэсцкі 5-Й Пер.
Нядзельскі Браніслаў Францавіч,Бабруйск,Брылеўская Ул.
Омер Йилмаз сукрэ,Баранавічы,Бровикова Ул.
Павлечко Пётр Мікалаевіч,Барысаў,Броўкі Ул.
Пилевец Наталля Віктараўна,Барань,Бранявы Пер.
Палішчук Уладзімір Васільевіч,Белаазёрск,Будзёнага Ул.
Пацёр Юрый Гаўрылавіч,Бяроза,Будслаўская Ул.
Радчанка Марцаліна Аляксандраўна,Беразіно,Будслаўскі Пер.
Рымар Аліна Барысаўна,Бярозаўка,Буйніцкага Пер.
Сазонаў Сяргей Васільевіч,Браслаў,Буйніцкага Ул.
Сиденко Яўген Ігаравіч,Брэст,Бумажкова Пер.
Слюсар Сяргей Барысавіч,Буда-Кашалёва,Бумажкова ПРЗ.
Старажук Мікалай Андрэевіч,Быхаў,Бумажкова Праезд
Танцюра Сяргей Віктаравіч,Васілевічы,Бумажкова Ул.
Ткачэнка Аляксандр Рыгоравіч,Верхнядзвінск,Бурдзейнага Ул.
Фернанду Карына Жозеевна,Ветка,Быкачено Д.
Хілько Іван Платонавіч,Вілейка,Быхаўская Ул.
Царэнка Іван Аляксандравіч,Віцебск,Бядулі Ул.
Чагайна Анатоль Клімовіч,Ваўкавыск,Вавілава Пер.
Шыла Юрый Пятровіч,Валожын,Вавілава Ул.
Ярмачек Анатоль Мікалаевіч,Высокае,Ванеева Ул.
Андрюхина Ганна Андрэеўна,Ганцавічы,Ваньковіча Ул.
Бадышев Сяргей Генадзевіч,Глыбокае,Варвашэні Ул.
Бандарэнка Віктар Рыгоравіч,Гомель,Васільковая Ул.
Васютинский Барыс Фёдаравіч,Горкі,Васняцова 1-Й Пер.
Высоцкі Андрэй Мікалаевіч,Гарадок,Васняцова 2-Й Пер.
Гаўрыленкі Сцяпан Васільевіч,Гродна,Васняцова Ул.
Галоўчанка Ігар Уладзіміравіч,Давыд-Гарадок,Ватуціна Пер.
Губчак Пётр Васільевіч,Дзяржынск,Ватуціна Праезд
Дворжицкий Павел Аляксандравіч,Дзісна,Ватуціна Ул.
Дабравольскі Юрый Дзмітрыевіч,Добруш,Ваўпшасава Ул.
Дубинчук Аксана Вітальеўна,Докшыцы,Вялікаморская Ул.
Ярмілаў Аляксандр Фёдаравіч,Драгічын,Вялікаморскай Пер.
Жорник Віктар Григориевич,Дуброўна,Велазаводскі Ул.
Завалок Ганна Алегаўна,Дзятлава,Веласіпедны Пер.
Іваніцкі Андрэй Андрэевіч,Ельск,Верасовая Ул.
Кавун Сяргей Мікалаевіч,Жодзіна,Верашчагіна Ул.
Квасенко Вольга Васільеўна,Жабінка,Верхні Пер.
Каваленка Андрэй Ігаравіч,Жыткавічы,Верхняя Ул.
Кананенка Васіль Сцяпанавіч,Жлобін,Вясновая Ул.
Лакціонаў Алег Іванавіч,Заслаўе,Весніна Праезд
Ламакін Віктар Андрэевіч,Іванава,Веснінка Пер.
Макаринская Людміла Уладзіміраўна,Івацэвічы,Веснінка Праезд
Марчук Святлана Уладзіміраўна,Іўе,Веснінка Ул.
Мильковский Уладзімір Уладзіміравіч,Калінкавічы,Вілейка Партызанская Ул.
Матузка Іван Аляксеевіч,Камянец,Вільямса Пер.
Назаревич Усевалад Мікалаевіч,Кіраўск,Вільямса Ул.
Новікаў Раман Генадзевіч,Клецк,Вінаградная Ул.
Абаленскі Віктар Уладзіміравіч,Клімавічы,Вірская Ул.
Островерхов Алег Анатольевіч,Клічаў,Віцебская Ул.
Павлийчук Віталь Анатольевіч,Кобрын,Вішнёвы Пер.
Погарова ольЯ Мацвееўна,Капыль,Водазаборная Ул.
Радчанка Вольга Анатольеўна,Косава,Вадалажскага Ул.
Раманькоў Максім Рыгоравіч,Касцюковічы,Водаправодны Пер.
Садовая Марына Уладзіміраўна,Крычаў,Вайсковы Пер.
Сіманенка Святлана Аляксандраўна,Крупкі,Вакзальная Ул.
Смиян Ігар Вітальевіч,Лепель,Валгаградская Ул.
Спицкий Анатоль Васільевіч,Ліда,Валгадонска Ул.
Таіраў Тагаеў Безотчества,Лагойск,Волжская Ул.
Цясленка Уладзімір Васільевіч,Лунінец,Волжскі Праезд
Узрютова Ганна Фёдараўна,Любань,Валадарскага Ул.
Федюрко Іван Рыгоравіч,Ляхавічы,Валадзько Ул.
Хандрига Уладзімір Пятровіч,Мазыр,Валожын Партызанская Ул.
Цибулин Багдан Уладзіміравіч,Маларыта,Волаха Ул.
Ченду Алег Іванавіч,Мар'іна Горка,Волочаевская Ул.
Шапавал Георгій Віктаравіч,Мікашэвічы,Волочаевский Праезд
Шиленко Сяргей Яўгенавіч,Мінск,Варанянскага Ул.
Шчарбак Марыя Іванаўна,Мёры,Ўсходняя Ул.
Юхно Віктар Макаравіч,Магілёў,Усходні Пер.
Якавенка Генадзь Аляксандравіч,Маладзечна,Сустрэчная Ул.
Афанасьеў Анатоль Іванавіч,Масты,Сустрэчны Пер.
Андрэева ​​Марыя Емяльянаўна,Мсціслаў,Вузаўскай Пер.
Аляксеенка Сяргей Васільевіч,Мядзел,Выгоцкага Ул.
Бур'ян Андрэй Андрэевіч,Наваполацк,Высокая Ул.
Бортун Аляксандр Адамовіч,Нароўля,Высокі Пер.
Бойцун Мікалай Васільевіч,Нясвіж,Гагарына Ул.
Бех Васіль Пятровіч,Наваградак,Газеты Звязда Пр.
Вароніна Ружа Леанідаўна,Новалукомль,Газеты Праўда Пр.
Витер Віктар Васільевіч,Орша,Гало Ул.
Вежнавец Сяргей Анатольевіч,Асіповічы,Гамарніка Ул.
Гуцелюк Уладзімір Іванавіч,Ашмяны,Гаражны Пер.
Громаў Віктар Канстанцінавіч,Пінск,Гартнага Ул.
Гардзеева Лізавета Васільеўна,Полацк,Гастэлы Ул.
Галубка Пётр Пятровіч,Петрыкаў,Гая Ул.
Дяденчук Васіль Мікітавіч,Паставы,Гвардзейская Ул.
Дубовикова Людміла Іванаўна,Пружаны,Гвардзейскі 1-Й Пер.
Дорахава Вольга Валер'еўна,Рэчыца,Гвардзейскі Пер.
Дереглазов Вячаслаў Уладзіміравіч,Рагачоў,Гебелева Ул.
Яфрэмаў Сяргей Віктаравіч,Светлагорск,Геалагічная Ул.
Жыдун Ала Якаўлеўна,Свіслач,Геалагічны Пер.
Зошчын Уладзімір Васільевіч,Сянно,Герасіменка Ул.
Захароўская Тамара Міхайлаўна,Скідаль,Германоўскага Пер.
Гучок Алег Анатольевіч,Слаўгарад,Герояў 120-й дывізіі Ул.
Іваноў Уладзімір Іванавіч,Слонім,Герцэна Ул.
Кушч Сяргей Аляксандравіч,Слуцк,Гікала Ул.
Кузін Вадзім Аляксандравіч,Смалявічы,Гінтаўта Ул.
Крывашэева Ганна Уладзіславаўна,Смаргонь,Глаголева 2-Й Пер.
Коцюрубенко Анатоль Ільіч,Салігорск,Глаголева 3-Й Пер.
Ляшчанка Сяргей Іванавіч,Старыя Дарогі,Глаголева Ул.
Лупеха Галіна Валянцінаўна,Стоўбцы,Глебкі Ул.
Лістапад Ала Юр'еўна,Столін.,Гогалеўская Ул.
Левенец Тарас Тарасавіч,Талачын,Галадзеда Праезд
Мячын Сяргей Уладзіміравіч,Тураў,Галадзеда Ул.
Молат Таццяна Фёдараўна,Узда,Голубева Ул.
Міронінка Васіль Васільевіч,Фаніпаль,Гальшанская Ул.
Мацвееў Аляксандр Генадзевіч,Хойнікі,Гальшанскі 1-Й Пер.
Нерезько Віталь Аляксеевіч,Чавусы,Гальшанскі 2-Й Пер.
Ашмарын Уладзімір Іванавіч,Чашнікі,Гарбатава Ул.
Асадчук Аляксандр Іванавіч,Чэрвень,Гарэцкага Ул.
Прокуда Генадзь Уладзіміравіч,Чэрыкаў,Горная Ул.
Палішчук Алена Лявонцьеўна,Чачэрск,Горны Пер.
Пігарэнка Аляксей Яўгенавіч,Шклоў,Гараўца Ул.
Перкоў Аляксандр Юр'евіч,Шчучын,Гарадзецкая Ул.
Рудзік Уладзімір Сяргеевіч,Бабруйск,Гарадзішча пас.
Равуцкі Уладзімір Уладзіміравіч,Баранавічы,Гарадской Вал Ул.
Сыч Васіль Уладзіміравіч,Барысаў,Гребельки Ул.
Стрыгункоў Юрый Аркадзьевіч,Барань,Грэкава 1-Й Пер.
Стэльмах Васіль Яўгенавіч,Белаазёрск,Грэкава 2-Й Пер.
Сарокін Аляксей Генадзевіч,Бяроза,Грэкава Ул.
Цюцераў Міхаіл Іванавіч,Беразіно,Грыбны Пер.
Трафіменка Леанід Евгениевич,Бярозаўка,Грыбаедава Ул.
Ткачэнка Віталь Віктаравіч,Браслаў,Грыцаўца Ул.
Цімошчанка Сяргей Станіслававіч,Брэст,Гродзенская Ул.
Улаков Андрэй Валянцінавіч,Буда-Кашалёва,Громава Ул.
Франковіч Міхаіл Міронавіч,Быхаў,Грушаўская Ул.
Фіцісаў Павел Міхайлавіч,Васілевічы,Грушэўскі Пер.
Харужэнка Надзея Аляксандраўна,Верхнядзвінск,Гурскага Ул.
Цікаў Валерый Сямёнавіч,Ветка,Гурц'ева Ул.
Чубкі Канстанцін Юр'евіч,Вілейка,Гусоўскага Ул.
Черногал Аляксандра Елисеевна,Віцебск,Далёкі Пер.
Черепюк Васіль Анатольевіч,Ваўкавыск,Даўмана Ул.
Блазнаў Сяргей Уладзіміравіч,Валожын,Дачная Ул.
Шкарапут Алена Андрэеўна,Высокае,Дачны Пер.
Шек Фрыда Аляксандраўна,Ганцавічы,Дзвінская Ул.
Швыдкой Мікалай Віктаравіч,Глыбокае,Дворицкая Слабада Д.
Аляксееў Аляксандр Сяргеевіч,Гомель,Дворышча Ул.
Банылян Уладзімір Васільевіч,Горкі,Дежнева Ул.
Брусничкина Людміла Фёдараўна,Гарадок,Дзекабрыстаў Ул.
Гайва Іван Васільевіч,Гродна,Дзянісаўская Ул.
Ганчарэнка Тамара Віктараўна,Давыд-Гарадок,Дзянісаўскай Пер.
Грыгарэнка Міхаіл Іванавіч,Дзяржынск,Дзіцячы 1-Й Пер.
Данілевіч Павел Рамановіч,Дзісна,Дзіцячы 2-Й Пер.
Яўсеева Раіса Емяльянаўна,Добруш,Дзіцячы 3-Й Пер.
Загараднай Іван Мікалаевіч,Докшыцы,Дзяржынскага Пр.
Іванова Ганна Генадзьеўну,Драгічын,Дзімітрава Ул.
Калныш Віктар Васільевіч,Дуброўна,Дняпроўская Ул.
Колотун Уладзімір Андрэевіч,Дзятлава,Дняпроўскі Пер.
Катоў Віталь Уладзіміравіч,Ельск,Дняпроўскі Праезд
Латыпаў Раман Назарович,Жодзіна,Добромысленский Пер.
Марцірасян Ліяна Рафиковна,Жабінка,Даватара Ул.
Микитюк Ганна Лявонцьеўна,Жыткавічы,Докучаева Ул.
Нізаўцы Алег Мікалаевіч,Жлобін,Докшыцкая Ул.
Арлова Марына Уладзіміраўна,Заслаўе,Далгінаўскі 2-Й Пер.
Потужный Пётр Аляксеевіч,Іванава,Далгінаўскі 3-Й Пер.
Радойчин Генадзь Віталевіч,Івацэвічы,Далгінаўскі 4-Й Пер.
Саўчанка Уладзімір Іванавіч,Іўе,Далгінаўскі Праезд
Соколенко Вера Іванаўна,Калінкавічы,Далгінаўскі Тракт
Цімашэнка Алег Васільевіч,Камянец,Даўгабродская Ул.
Фаменка Віталь Уладзіміравіч,Кіраўск,Дамашэўская Ул.
Чердип Гхай Гхай,Клецк,Дамашэўская Пер.
Шеховцова Яна Уладзіславаўна,Клімавічы,Дарашэвіча Ул.
Шчур Уладзімір Мирославович,Клічаў,Дастаеўскага Пер.
Адамовіч Ігар Аляксеевіч,Кобрын,Дастаеўскага Ул.
Бауэр Уладзімір Уладзіміравіч,Капыль,Дражня Ул.
Васіленка Аксана Мікалаеўна,Косава,Дразда Ул.
Галака Галіна Іванаўна,Касцюковічы,Дразды пас.
Горач Павел Іванавіч,Крычаў,Дружбы Ул.
Даненкаў Яўген Васільевіч,Крупкі,Дубовлянский Пер.
"Дручкамі, Сяргей Анатольевіч",Лепель,Дубравинская Ул.
Ярмак Сяргей Рыгоравіч,Ліда,Дубравинский Пер.
Заблоцкі Аляксандр Антонавіч,Лагойск,Дуніна-Марцінкевіча Ул.
Іваноў Анатоль Яўгенавіч,Лунінец,Енісейскі 1-Й Пер.
Кабарчук Уладзімір Анатольевіч,Любань,Енісейскі 2-Й Пер.
Калеснікаў Уладзімір Віктаравіч,Ляхавічы,Енісейскі Праезд
Курц Вадзім Аляксандравіч,Мазыр,Ермака Ул.
Лабушева Аксана Уладзіміраўна,Маларыта,Ясеніна Ул.
Мазур Віктар Пятровіч,Мар'іна Горка,Язмінавае Ул.
Мінаяў Уладзімір Юр'евіч,Мікашэвічы,Ждановічы пас.
Надтачэй Дзмітрый Аляксандравіч,Мінск,Чыгуначная Ул.
Паўла Аляксандра Якаўлеўна,Мёры,Чыгуначны 1-Й Пер.
Пятрэнка Анатоль Мікалаевіч,Магілёў,Чыгуначны 3-Й Пер.
Прыходзька Ірына Сцяпанаўна,Маладзечна,Чыгуначны 4-Й Пер.
Розмарица Аляксандр Уладзіміравіч,Масты,Чыгуначны 5-Й Пер.
Савіцкі Уладзімір Зянонавіч,Мсціслаў,Чыгуначны 6-Й Пер.
Сербулов Васіль Аляксеевіч,Мядзел,Чыгуначны 7-Й Пер.
Стинская Юлія Анатольеўна,Наваполацк,Чыгуначны Пер.
Тарасенка Аляксей Віктаравіч,Нароўля,Жылуновіча Ул.
Хаанг Дак Хоп,Нясвіж,Жлобінская Ул.
Чамярысы Віктар Рыгоравіч,Наваградак,Жодзіна Купрыянава Ул.
Шаўчэнка Уладзімір Вітальевіч,Новалукомль,Жудро Ул.
Щоткин Аляксандр Станіслававіч,Орша,Жукава Пр.
Відавочны Ігар Вячаслававіч,Асіповічы,Жукоўскага 1-Й Пер.
Арцёмаў Анатоль Пятровіч,Ашмяны,Жукоўскага 2-Й Пер.
Базя Дзмітрый Васільевіч,Пінск,Жукоўскага Праезд
Вергелес Ксенія Маркаўна,Полацк,Жукоўскага Ул.
Гайдаенко Неля Вітальеўна,Петрыкаў,Завадская Ул.
Гурын Аляксандр Пятровіч,Паставы,Загарадны 2-Й Пер.
Данілаў Васіль Сямёнавіч,Пружаны,Загарадны 3-Й Пер.
Евчев Мікалай Васільевіч,Рэчыца,Загарадны 4-Й Пер.
Жанберов Раман Уладзіміравіч,Рагачоў,Заліўной Пер.
Зэлік Аляксандр Іванавіч,Светлагорск,Замкавая Ул.
Ільніцкі Яўген Яўгенавіч,Свіслач,Заходняя Ул.
Каравульны Аляксандр Аляксеевіч,Сянно,Запароская Ул.
Каваленка Алена Анатольеўна,Скідаль,Запарожскі 1-Й Пер.
Кастусёва Антаніна Уладзіміраўна,Слаўгарад,Запарожскі 3-Й Пер.
Кудраўцаў Канстанцін Вітальевіч,Слонім,Зареченская Ул.
Лаўранюк Максім Юр'евіч,Слуцк,Зарэчная Ул.
Лядоўская Ірына Віктараўна,Смалявічы,Зарэчны 1-Й Пер.
Магеррамова Галіна Яраславаўна,Смаргонь,Зарэчны 2-Й Пер.
Наважылаў Ігар Мікалаевіч,Салігорск,Зарэчны 3-Й Пер.
Алейнік Аляксандр Аляксеевіч,Старыя Дарогі,Зарэчны Тупік
Паўлюк Уладзімір Уладзіміравіч,Стоўбцы,Заслаўе Вялікая Ул.
Плаксін Сяргей Пятровіч,Столін.,"Заслаўе П / п, Савецкая Ул."
Рябуха Аляксандр Мікалаевіч,Талачын,Заслаўская Ул.
Сайпашев Андрэй Уладзіміравіч,Тураў,Заслонава Ул.
Сесь Аляксандр Міхайлавіч,Узда,Зацішша Ул.
Старовойтенко Надзея Сцяпанаўна,Фаніпаль,Захарава Ул.
Цяцера Аляксандр Максімавіч,Хойнікі,"Зацень Д., Лугавы Пер."
Усціменка Вадзім Аляксандравіч,Чавусы,"Зацень Д., Мінская Ул."
Фясенка Яна Анатольеўна,Чашнікі,"Зацень Д., Сталічная Ул."
Цыбульскі Іван Сцяпанавіч,Чэрвень,"Зацень Д., Сталічны Пер."
Чарнышоў Сяргей Мікалаевіч,Чэрыкаў,Зацень Ул.
Широбоков Міхаіл Іванавіч,Чачэрск,Зеленолугская Ул.
Юрчанка Ігар Валер'евіч,Шклоў,Земляробчая Ул.
Яхлаков Аляксей Пятровіч,Шчучын,Земляробчы 1-Й Пер.
Аврамченко Васіль Ісакавіч,Бабруйск,Земляробчы 3-Й Пер.
Бабіна Валянціна Міхайлаўна,Баранавічы,Каморніцкая 1-Я Ул.
Бочковская Валянціна Іванаўна,Барысаў,Каморніцкая 2-Я Ул.
Ветрава Сафія Фёдараўна,Барань,Каморніцкая Пер.
Галатон Аксана Валер'еўна,Белаазёрск,Зенітны Пер.
Гардзіенка Аляксей Кузьміч,Бяроза,Зімовы 1-Й Пер.
Гусар Анатоль Міхайлавіч,Беразіно,Зімовы 2-Й Пер.
Данька Алег Міхайлавіч,Бярозаўка,Зімовая Ул.
Еўдакімава Марыя Васільеўна,Браслаў,Залатая Горка Ул.
Жеглатый Мікалай Фёдаравіч,Брэст,Зубачова 1-Й Пер.
Заваліны Ігар Вячаслававіч,Буда-Кашалёва,Зубачова 2-Й Пер.
Захарчук Васіль Уладзіміравіч,Быхаў,Зубачова 3-Й Пер.
Іваноў Алег Мікалаевіч,Васілевічы,Зубачова Ул.
Ісмаілаў Энвер,Верхнядзвінск,Іванаўская Ул.
Казиев Уладзімір Іванавіч,Ветка,Ігнаценка Ул.
Кліменка Іван Васільевіч,Вілейка,Ігуменскі Тракт
Корнетова Юлія Уладзіміраўна,Віцебск,Возніцкі 2-Й Пер.
Краёвай Эдуард Уладзіміравіч,Ваўкавыск,Ізмайлаўскі Ул.
Лаўрыненка Васіль Леонтиевич,Валожын,Ізмайлаўскі 1-Й Пер.
Літвін Аляксей Григориевич,Высокае,Ізмайлаўскі 2-Й Пер.
Майці Сяргей Мікітавіч,Ганцавічы,Ізмайлаўскі 3-Й Пер.
Мокры Уладзімір Кирьянович,Глыбокае,Ізмайлаўскі 4-Й Пер.
Нядзельскі Браніслаў Францавіч,Гомель,Ізмайлаўскі Пер.
Омер Йилмаз сукрэ,Горкі,Ізмайлаўскі Праезд
Павлечко Пётр Мікалаевіч,Гарадок,Ілімская Ул.
Пилевец Наталля Віктараўна,Гродна,Ільменскіх Ул.
Палішчук Уладзімір Васільевіч,Давыд-Гарадок,Індустрыяльная Ул.
Пацёр Юрый Гаўрылавіч,Дзяржынск,Інжынерная Ул.
Радчанка Марцаліна Аляксандраўна,Дзісна,Інструментальная Ул.
Рымар Аліна Барысаўна,Добруш,Інструментальны Пер.
Сазонаў Сяргей Васільевіч,Докшыцы,Інтэрнацыянальная Ул.
Сиденко Яўген Ігаравіч,Драгічын,Іадкоўская Ул.
Слюсар Сяргей Барысавіч,Дуброўна,Іркуцкая Ул.
Старажук Мікалай Андрэевіч,Дзятлава,Іркуцкі Пер.
Танцюра Сяргей Віктаравіч,Ельск,Іскаліева Ул.
Ткачэнка Аляксандр Рыгоравіч,Жодзіна,Кабушкіна Пер.
Фернанду Карына Жозеевна,Жабінка,Кабушкіна Ул.
Хілько Іван Платонавіч,Жыткавічы,Казарменны Пер.
Царэнка Іван Аляксандравіч,Жлобін,Казінца Ул.
Чагайна Анатоль Клімовіч,Заслаўе,Калініна Пер.
Шыла Юрый Пятровіч,Іванава,Калініна Пл.
Ярмачек Анатоль Мікалаевіч,Івацэвічы,Калініна Ул.
Андрюхина Ганна Андрэеўна,Іўе,Калінінградскі Пер.
Бадышев Сяргей Генадзевіч,Калінкавічы,Каліноўскага Ул.
Бандарэнка Віктар Рыгоравіч,Камянец,Кальварыйская Ул.
Васютинский Барыс Фёдаравіч,Кіраўск,Карастаянавай Ул.
Высоцкі Андрэй Мікалаевіч,Клецк,Карбышава Ул.
Гаўрыленкі Сцяпан Васільевіч,Клімавічы,Карпава Ул.
Галоўчанка Ігар Уладзіміравіч,Клічаў,Кахоўская Ул.
Губчак Пётр Васільевіч,Кобрын,Кахоўскай Пер.
Дворжицкий Павел Аляксандравіч,Капыль,Кедышкі Ул.
Дабравольскі Юрый Дзмітрыевіч,Косава,Кіеўская Ул.
Дубинчук Аксана Вітальеўна,Касцюковічы,Кіжаватава Ул.
Ярмілаў Аляксандр Фёдаравіч,Крычаў,Кірыла І Мяфодзія Ул.
Жорник Віктар Григориевич,Крупкі,Кірава Ул.
Завалок Ганна Алегаўна,Лепель,Кісялёва Ул.
Іваніцкі Андрэй Андрэевіч,Ліда,Клецк Маякоўскага Ул.
Кавун Сяргей Мікалаевіч,Лагойск,Клецкая Ул.
Квасенко Вольга Васільеўна,Лунінец,Клецкі Праезд
Каваленка Андрэй Ігаравіч,Любань,Клубны Праезд
Кананенка Васіль Сцяпанавіч,Ляхавічы,Клумава Пер.
Лакціонаў Алег Іванавіч,Мазыр,Клумава Ул.
Ламакін Віктар Андрэевіч,Маларыта,Ключавая Ул.
Макаринская Людміла Уладзіміраўна,Мар'іна Горка,Кнорына Ул.
Марчук Святлана Уладзіміраўна,Мікашэвічы,Кобрынская Ул.
Мильковский Уладзімір Уладзіміравіч,Мінск,Кавалёва Ул.
Матузка Іван Аляксеевіч,Мёры,Кавалеўскай Пер.
Назаревич Усевалад Мікалаевіч,Магілёў,Кавалеўскай Ул.
Новікаў Раман Генадзевіч,Маладзечна,Казлова Пер.
Абаленскі Віктар Уладзіміравіч,Масты,Казлова Ул.
Островерхов Алег Анатольевіч,Мсціслаў,Козыраўская Ул.
Павлийчук Віталь Анатольевіч,Мядзел,Коласа Пер.
Погарова ольЯ Мацвееўна,Наваполацк,Коласа Ул.
Радчанка Вольга Анатольеўна,Нароўля,Калеснікава Ул.
Раманькоў Максім Рыгоравіч,Нясвіж,Калектыўны Пер.
Садовая Марына Уладзіміраўна,Наваградак,Калектыўны Праезд
Сіманенка Святлана Аляксандраўна,Новалукомль,Калектарная Ул.
Смиян Ігар Вітальевіч,Орша,Калгасная Ул.
Спицкий Анатоль Васільевіч,Асіповічы,Кальцавая 1-Я Ул.
Таіраў Тагаеў Безотчества,Ашмяны,Кальцавая 2-Я Ул.
Цясленка Уладзімір Васільевіч,Пінск,Кальцавой 1-Й Праезд
Узрютова Ганна Фёдараўна,Полацк,Кальцавой 2-Й Праезд
Федюрко Іван Рыгоравіч,Петрыкаў,Кальцавой Праезд
Хандрига Уладзімір Пятровіч,Паставы,Кальцова 1-Й Пер.
Цибулин Багдан Уладзіміравіч,Пружаны,Кальцова 2-Й Пер.
Ченду Алег Іванавіч,Рэчыца,Кальцова 3-Й Пер.
Шапавал Георгій Віктаравіч,Рагачоў,Кальцова 4-Й Пер.
Шиленко Сяргей Яўгенавіч,Светлагорск,Кальцова Праезд
Шчарбак Марыя Іванаўна,Свіслач,Кальцова Ул.
Юхно Віктар Макаравіч,Сянно,Калядзічы прамвузел
Якавенка Генадзь Аляксандравіч,Скідаль,Калядзічы Ст.
Афанасьеў Анатоль Іванавіч,Слаўгарад,Камароўскае Кальцо
Андрэева ​​Марыя Емяльянаўна,Слонім,Камунальны Пер.
Аляксеенка Сяргей Васільевіч,Слуцк,Камуністычная Ул.
Бур'ян Андрэй Андрэевіч,Смалявічы,Комсомольская Ул.
Бортун Аляксандр Адамовіч,Смаргонь,Кааператыўны Пер.
Бойцун Мікалай Васільевіч,Салігорск,"Копішча Д., Лясная Ул."
Бех Васіль Пятровіч,Старыя Дарогі,"Копішча Д., Падгорная Ул."
Вароніна Ружа Леанідаўна,Стоўбцы,Капыль Леніна Пл.
Витер Віктар Васільевіч,Столін.,Капыль Цімкавіцкая Ул.
Вежнавец Сяргей Анатольевіч,Талачын,Капыльская Ул.
Гуцелюк Уладзімір Іванавіч,Тураў,Капыльскі 1-Й Праезд
Громаў Віктар Канстанцінавіч,Узда,Капыльскі Тупік
Гардзеева Лізавета Васільеўна,Фаніпаль,Корвата Ул.
Галубка Пётр Пятровіч,Хойнікі,Коржа Ул.
Дяденчук Васіль Мікітавіч,Чавусы,Каржанеўскага Пер.
Дубовикова Людміла Іванаўна,Чашнікі,Каржанеўскага Ул.
Дорахава Вольга Валер'еўна,Чэрвень,Карзюкі Ул.
Дереглазов Вячаслаў Уладзіміравіч,Чэрыкаў,Карыцкі Ул.
Яфрэмаў Сяргей Віктаравіч,Чачэрск,Караленка Ул.
Жыдун Ала Якаўлеўна,Шклоў,Караля Ул.
Зошчын Уладзімір Васільевіч,Шчучын,Караткевіча Ул.
Захароўская Тамара Міхайлаўна,Бабруйск,Кароткі 1-Й Пер.
Гучок Алег Анатольевіч,Баранавічы,Кароткі 2-Й Пер.
Іваноў Уладзімір Іванавіч,Барысаў,Кароткі 3-Й Пер.
Кушч Сяргей Аляксандравіч,Барань,Корш-Сабліна Ул.
Кузін Вадзім Аляксандравіч,Белаазёрск,Касмадзям'янскай Ул.
Крывашэева Ганна Уладзіславаўна,Бяроза,Касманаўтаў Ул.
Коцюрубенко Анатоль Ільіч,Беразіно,Катоўскага Праезд
Ляшчанка Сяргей Іванавіч,Бярозаўка,Катоўскага Ул.
Лупеха Галіна Валянцінаўна,Браслаў,Кашавога Пер.
Лістапад Ала Юр'еўна,Брэст,Кашавога Ул.
Левенец Тарас Тарасавіч,Буда-Кашалёва,Крайняя Ул.
Мячын Сяргей Уладзіміравіч,Быхаў,Крамскога Ул.
Молат Таццяна Фёдараўна,Васілевічы,Крапівы Ул.
Міронінка Васіль Васільевіч,Верхнядзвінск,Прыгожая Ул.
Мацвееў Аляксандр Генадзевіч,Ветка,Прыгожы Пер.
Нерезько Віталь Аляксеевіч,Вілейка,Красіна Ул.
Ашмарын Уладзімір Іванавіч,Віцебск,Чырвоная Слабада Ул.
Асадчук Аляксандр Іванавіч,Ваўкавыск,Чырвоная Ул.
Прокуда Генадзь Уладзіміравіч,Валожын,Чырвонаармейская Ул.
Палішчук Алена Лявонцьеўна,Высокае,Краснодонская Ул.
Пігарэнка Аляксей Яўгенавіч,Ганцавічы,Чырвоназорная Ул.
Перкоў Аляксандр Юр'евіч,Глыбокае,Чырвоназорны Пер.
Рудзік Уладзімір Сяргеевіч,Гомель,Чырвонаслабодскага Ул.
Равуцкі Уладзімір Уладзіміравіч,Горкі,Чырвоных Партызан Пр.
Сыч Васіль Уладзіміравіч,Гарадок,Крывіцкая Ул.
Стрыгункоў Юрый Аркадзьевіч,Гродна,Крывіцкіх 1-Й Пер.
Стэльмах Васіль Яўгенавіч,Давыд-Гарадок,Крывіцкіх 2-Й Пер.
Сарокін Аляксей Генадзевіч,Дзяржынск,Крапоткіна Ул.
Цюцераў Міхаіл Іванавіч,Дзісна,Круглы Пер.
Трафіменка Леанід Евгениевич,Добруш,Крупкі Советская Ул.
Ткачэнка Віталь Віктаравіч,Докшыцы,Крупскай Ул.
Цімошчанка Сяргей Станіслававіч,Драгічын,Крыловіч 1-Й Пер.
Улаков Андрэй Валянцінавіч,Дуброўна,Крыловіч 2-Й Пер.
Франковіч Міхаіл Міронавіч,Дзятлава,Крыловіч Ул.
Фіцісаў Павел Міхайлавіч,Ельск,Кубанская Ул.
Харужэнка Надзея Аляксандраўна,Жодзіна,Куйбышава Ул.
Цікаў Валерый Сямёнавіч,Жабінка,Куляшова Ул.
Чубкі Канстанцін Юр'евіч,Жыткавічы,Кулібіна Ул.
Черногал Аляксандра Елисеевна,Жлобін,Кульман Ул.
Черепюк Васіль Анатольевіч,Заслаўе,Кунцаўшчына Ул.
Блазнаў Сяргей Уладзіміравіч,Іванава,Купалы Ул.
Шкарапут Алена Андрэеўна,Івацэвічы,Купрэвіча Ул.
Шек Фрыда Аляксандраўна,Іўе,Купрыянава Ул.
Швыдкой Мікалай Віктаравіч,Калінкавічы,Курганная Ул.
Аляксееў Аляксандр Сяргеевіч,Камянец,Курчатава Ул.
Банылян Уладзімір Васільевіч,Кіраўск,Кутузава Ул.
Брусничкина Людміла Фёдараўна,Клецк,Кэчевский Пер.
Гайва Іван Васільевіч,Клімавічы,Лазарава Ул.
Ганчарэнка Тамара Віктараўна,Клічаў,Лазо Пер.
Грыгарэнка Міхаіл Іванавіч,Кобрын,Лазо Ул.
Данілевіч Павел Рамановіч,Капыль,Ландэра Ул.
Яўсеева Раіса Емяльянаўна,Косава,Лапаровічах Д.
Загараднай Іван Мікалаевіч,Касцюковічы,Ляўкова Ул.
Іванова Ганна Генадзьеўну,Крычаў,Леніна Ул.
Калныш Віктар Васільевіч,Крупкі,Ленінградская Ул.
Колотун Уладзімір Андрэевіч,Лепель,Лермантава Ул.
Катоў Віталь Уладзіміравіч,Ліда,Лясной пас.
Латыпаў Раман Назарович,Лагойск,Гадовы 1-Й Пер.
Марцірасян Ліяна Рафиковна,Лунінец,Гадовы 2-Й Пер.
Микитюк Ганна Лявонцьеўна,Любань,Гадовая Ул.
Нізаўцы Алег Мікалаевіч,Ляхавічы,Ляшчынскага Ул.
Арлова Марына Уладзіміраўна,Мазыр,Лібава-Роменская Ул.
Потужный Пётр Аляксеевіч,Маларыта,Лібкнехта ПРЗ.
Радойчин Генадзь Віталевіч,Мар'іна Горка,Лібкнехта Ул.
Саўчанка Уладзімір Іванавіч,Мікашэвічы,Ліпавая Ул.
Соколенко Вера Іванаўна,Мінск,Літаратурная Ул.
Цімашэнка Алег Васільевіч,Мёры,Літаратурны Пер.
Фаменка Віталь Уладзіміравіч,Магілёў,Лабанка Ул.
Чердип Гхай Гхай,Маладзечна,Лагойск Советская Ул.
Шеховцова Яна Уладзіславаўна,Масты,Лагойскі Тракт
Шчур Уладзімір Мирославович,Мсціслаў,Лодкавая Ул.
Адамовіч Ігар Аляксеевіч,Мядзел,Ложынская Ул.
Бауэр Уладзімір Уладзіміравіч,Наваполацк,Ламаносава Пер.
Васіленка Аксана Мікалаеўна,Нароўля,Ламаносава Ул.
Галака Галіна Іванаўна,Нясвіж,Лошыцкая Ул.
Горач Павел Іванавіч,Наваградак,Лошыцкі Пер.
Даненкаў Яўген Васільевіч,Новалукомль,Лошыцкі Праезд
"Дручкамі, Сяргей Анатольевіч",Орша,Лугавая Ул.
Ярмак Сяргей Рыгоравіч,Асіповічы,Лук'яновіча Ул.
Заблоцкі Аляксандр Антонавіч,Ашмяны,Лучыны Ул.
Іваноў Анатоль Яўгенавіч,Пінск,Лынькова Ул.
Кабарчук Уладзімір Анатольевіч,Полацк,Любанская Ул.
Калеснікаў Уладзімір Віктаравіч,Петрыкаў,Любімава Пр.
Курц Вадзім Аляксандравіч,Паставы,Люксембург 2-Й Пер.
Лабушева Аксана Уладзіміраўна,Пружаны,Люксембург Ул.
Мазур Віктар Пятровіч,Рэчыца,Маўра Ул.
Мінаяў Уладзімір Юр'евіч,Рагачоў,Крамная Ул.
Надтачэй Дзмітрый Аляксандравіч,Светлагорск,Магнітная Ул.
Паўла Аляксандра Якаўлеўна,Свіслач,Магнітны Пер.
Пятрэнка Анатоль Мікалаевіч,Сянно,Мазурава Ул.
Прыходзька Ірына Сцяпанаўна,Скідаль,Майкова Пер.
Розмарица Аляксандр Уладзіміравіч,Слаўгарад,Макаёнка Ул.
Савіцкі Уладзімір Зянонавіч,Слонім,Макаранка Ул.
Сербулов Васіль Аляксеевіч,Слуцк,Малая Ул.
Стинская Юлія Анатольеўна,Смалявічы,Малініна Ул.
Тарасенка Аляксей Віктаравіч,Смаргонь,Малосеребрянская Ул.
Хаанг Дак Хоп,Салігорск,Малофеевская Ул.
Чамярысы Віктар Рыгоравіч,Старыя Дарогі,Малы 2-Й Пер.
Шаўчэнка Уладзімір Вітальевіч,Стоўбцы,Малы Пер.
Щоткин Аляксандр Станіслававіч,Столін.,Малы Трасцянец Пер.
Відавочны Ігар Вячаслававіч,Талачын,Малы Трасцянец Ул.
Арцёмаў Анатоль Пятровіч,Тураў,Маляўкі Ул.
Базя Дзмітрый Васільевіч,Узда,Марата Ул.
Вергелес Ксенія Маркаўна,Фаніпаль,Маркса Ул.
Гайдаенко Неля Вітальеўна,Хойнікі,Марусинская Ул.
Гурын Аляксандр Пятровіч,Чавусы,Марусинский 1-Й Пер.
Данілаў Васіль Сямёнавіч,Чашнікі,Марусинский Пер.
Евчев Мікалай Васільевіч,Чэрвень,Мар'еўская Ул.
Жанберов Раман Уладзіміравіч,Чэрыкаў,Масюкоўшчына Праезд
Зэлік Аляксандр Іванавіч,Чачэрск,Матвеевском Ул.
Ільніцкі Яўген Яўгенавіч,Шклоў,Матвеевском Пер.
Каравульны Аляксандр Аляксеевіч,Шчучын,Матросава Ул.
Каваленка Алена Анатольеўна,Бабруйск,Матусевіча Ул.
Кастусёва Антаніна Уладзіміраўна,Баранавічы,Машэрава Пр.
Кудраўцаў Канстанцін Вітальевіч,Барысаў,Машыністаў Пер.
Лаўранюк Максім Юр'евіч,Барань,Машыністаў Ул.
Лядоўская Ірына Віктараўна,Белаазёрск,Машынабудаўнікоў Ул.
Магеррамова Галіна Яраславаўна,Бяроза,Маякоўскага Пер.
Наважылаў Ігар Мікалаевіч,Беразіно,Маякоўскага Ул.
Алейнік Аляксандр Аляксеевіч,Бярозаўка,Мядзвежына Пер.
Паўлюк Уладзімір Уладзіміравіч,Браслаў,Мядзвежына Ул.
Плаксін Сяргей Пятровіч,Брэст,Мележа Ул.
Рябуха Аляксандр Мікалаевіч,Буда-Кашалёва,Меліярацыйная Ул.
Сайпашев Андрэй Уладзіміравіч,Быхаў,Меліярацыйны Пер.
Сесь Аляксандр Міхайлавіч,Васілевічы,Мельнікайтэ Ул.
Старовойтенко Надзея Сцяпанаўна,Верхнядзвінск,Млынавы Пер.
Цяцера Аляксандр Максімавіч,Ветка,Мендзялеева Ул.
Усціменка Вадзім Аляксандравіч,Вілейка,Мяржынскага Ул.
Фясенка Яна Анатольеўна,Віцебск,Металістаў 1-Й Пер.
Цыбульскі Іван Сцяпанавіч,Ваўкавыск,Металістаў Праезд
Чарнышоў Сяргей Мікалаевіч,Валожын,Мікалаеўскі Ул.
Широбоков Міхаіл Іванавіч,Высокае,Мікуліча Ул.
Юрчанка Ігар Валер'евіч,Ганцавічы,Мініна Пер.
Яхлаков Аляксей Пятровіч,Глыбокае,Мініна Ул.
Аврамченко Васіль Ісакавіч,Гомель,Мінск-Таварная.
Бабіна Валянціна Міхайлаўна,Горкі,Мядзел Шаранговіча Пл.
Бочковская Валянціна Іванаўна,Гарадок,Мяснікова Пер.
Ветрава Сафія Фёдараўна,Гродна,Мяснікова Ул.
Галатон Аксана Валер'еўна,Давыд-Гарадок,Набярэжная Ул.
Гардзіенка Аляксей Кузьміч,Дзяржынск,Нагорная Ул.
Гусар Анатоль Міхайлавіч,Дзісна,Нагорны Пер.
Данька Алег Міхайлавіч,Добруш,Надзеждзінскіх Ул.
Еўдакімава Марыя Васільеўна,Докшыцы,Нахільная Ул.
Жеглатый Мікалай Фёдаравіч,Драгічын,Нахільны 1-Й Пер.
Заваліны Ігар Вячаслававіч,Дуброўна,Нахільны 2-Й Пер.
Захарчук Васіль Уладзіміравіч,Дзятлава,Народная Ул.
Іваноў Алег Мікалаевіч,Ельск,Нарачанская Ул.
Ісмаілаў Энвер,Жодзіна,Натуралістаў Ул.
Казиев Уладзімір Іванавіч,Жабінка,Нахімава Ул.
Кліменка Іван Васільевіч,Жыткавічы,Неўскі Пер.
Корнетова Юлія Уладзіміраўна,Жлобін,Неждановой Пер.
Краёвай Эдуард Уладзіміравіч,Заслаўе,Неждановой Ул.
Лаўрыненка Васіль Леонтиевич,Іванава,Незалежнасці Пл.
Літвін Аляксей Григориевич,Івацэвічы,Незалежнасці Пр.
Майці Сяргей Мікітавіч,Іўе,Невядомая Вуліца
Мокры Уладзімір Кирьянович,Калінкавічы,Някрасава Пер.
Нядзельскі Браніслаў Францавіч,Камянец,Някрасава Ул.
Омер Йилмаз сукрэ,Кіраўск,Няміга Ул.
Павлечко Пётр Мікалаевіч,Клецк,Нясвіж Советская Ул.
Пилевец Наталля Віктараўна,Клімавічы,Нясвіжская Ул.
Палішчук Уладзімір Васільевіч,Клічаў,Несцерава 1-Й Пер.
Пацёр Юрый Гаўрылавіч,Кобрын,Несцерава 2-Й Пер.
Радчанка Марцаліна Аляксандраўна,Капыль,Несцерава Ул.
Рымар Аліна Барысаўна,Косава,Нафтавая Ул.
Сазонаў Сяргей Васільевіч,Касцюковічы,Нафтавай Пер.
Сиденко Яўген Ігаравіч,Крычаў,Нікіціна 1-Й Пер.
Слюсар Сяргей Барысавіч,Крупкі,Нікіціна 2-Й Пер.
Старажук Мікалай Андрэевіч,Лепель,Нікіціна Ул.
Танцюра Сяргей Віктаравіч,Ліда,Нікіфарава Ул.
Ткачэнка Аляксандр Рыгоравіч,Лагойск,Наватарская Ул.
Фернанду Карына Жозеевна,Лунінец,Наватарскі Праезд
Хілько Іван Платонавіч,Любань,Новая Вёска Д.
Царэнка Іван Аляксандравіч,Ляхавічы,Новая Ул.
Чагайна Анатоль Клімовіч,Мазыр,Наўгародская Ул.
Шыла Юрый Пятровіч,Маларыта,Наўгародскі Пер.
Ярмачек Анатоль Мікалаевіч,Мар'іна Горка,Новинковская Ул.
Андрюхина Ганна Андрэеўна,Мікашэвічы,Нававіленская Ул.
Бадышев Сяргей Генадзевіч,Мінск,Новавіленская Пер.
Бандарэнка Віктар Рыгоравіч,Мёры,Навасельская Ул.
Васютинский Барыс Фёдаравіч,Магілёў,Новы Двор пас.
Высоцкі Андрэй Мікалаевіч,Маладзечна,Ногина Ул.
Гаўрыленкі Сцяпан Васільевіч,Масты,Абіўная Ул.
Галоўчанка Ігар Уладзіміравіч,Мсціслаў,Абіўны Пер.
Губчак Пётр Васільевіч,Мядзел,Абухоўская Ул.
Дворжицкий Павел Аляксандравіч,Наваполацк,Абухоўскі 1-Й Пер.
Дабравольскі Юрый Дзмітрыевіч,Нароўля,Абухоўскі 3-Й Пер.
Дубинчук Аксана Вітальеўна,Нясвіж,Абухоўскі 4-Й Пер.
Ярмілаў Аляксандр Фёдаравіч,Наваградак,Агарова Ул.
Жорник Віктар Григориевич,Новалукомль,Огородницкая Ул.
Завалок Ганна Алегаўна,Орша,Адэская Ул.
Іваніцкі Андрэй Андрэевіч,Асіповічы,Адэскі Пер.
Кавун Сяргей Мікалаевіч,Ашмяны,Адзінцова Ул.
Квасенко Вольга Васільеўна,Пінск,Адоеўскага Пер.
Каваленка Андрэй Ігаравіч,Полацк,Адоеўскага Ул.
Кананенка Васіль Сцяпанавіч,Петрыкаў,Азярышча Пер.
Лакціонаў Алег Іванавіч,Паставы,Азёрная Ул.
Ламакін Віктар Андрэевіч,Пружаны,Акрэсціна 1-Й Пер.
Макаринская Людміла Уладзіміраўна,Рэчыца,Акрэсціна Ул.
Марчук Святлана Уладзіміраўна,Рагачоў,Акруговай Праезд
Мильковский Уладзімір Уладзіміравіч,Светлагорск,Кастрычніцкая Пл.
Матузка Іван Аляксеевіч,Свіслач,Кастрычніцкая Ул.
Назаревич Усевалад Мікалаевіч,Сянно,Алешава Ул.
Новікаў Раман Генадзевіч,Скідаль,Альховага Ул.
Абаленскі Віктар Уладзіміравіч,Слаўгарад,Альшэўскага Пер.
Островерхов Алег Анатольевіч,Слонім,Альшэўскага Ул.
Павлийчук Віталь Анатольевіч,Слуцк,Амельянюка Ул.
Погарова ольЯ Мацвееўна,Смалявічы,Аранжарэйная Ул.
Радчанка Вольга Анатольеўна,Смаргонь,Арджанікідзэ Ул.
Раманькоў Максім Рыгоравіч,Салігорск,Арлоўская Ул.
Садовая Марына Уладзіміраўна,Старыя Дарогі,Арлоўскі 3-Й Пер.
Сіманенка Святлана Аляксандраўна,Стоўбцы,Арлоўскі 4-Й Пер.
Смиян Ігар Вітальевіч,Столін.,Арлоўскі 5-Й Пер.
Спицкий Анатоль Васільевіч,Талачын,Арлоўскі 6-Й Пер.
Таіраў Тагаеў Безотчества,Тураў,Арлоўскі 7-Й Пер.
Цясленка Уладзімір Васільевіч,Узда,Арлоўскі 8-Й Пер.
Узрютова Ганна Фёдараўна,Фаніпаль,Аршанская Ул.
Федюрко Іван Рыгоравіч,Хойнікі,Аршанскі Праезд
Хандрига Уладзімір Пятровіч,Чавусы,Вызвалення Ул.
Цибулин Багдан Уладзіміравіч,Чашнікі,Восеньскі 1-Й Пер.
Ченду Алег Іванавіч,Чэрвень,Восеньскі 2-Й Пер.
Шапавал Георгій Віктаравіч,Чэрыкаў,Восеньская Ул.
Шиленко Сяргей Яўгенавіч,Чачэрск,Асіпенка Ул.
Шчарбак Марыя Іванаўна,Шклоў,Заснавальнікаў Ул.
Юхно Віктар Макаравіч,Шчучын,Астрашыцкая Ул.
Якавенка Генадзь Аляксандравіч,Бабруйск,Ахоцкі Ул.
Афанасьеў Анатоль Іванавіч,Баранавічы,Ахоцкі Пер.
Андрэева ​​Марыя Емяльянаўна,Барысаў,Ашмянскі Пер
Аляксеенка Сяргей Васільевіч,Барань,Паўлава Пер.
Бур'ян Андрэй Андрэевіч,Белаазёрск,Паўлава Ул.
Бортун Аляксандр Адамовіч,Бяроза,Паўлоўскага Ул.
Бойцун Мікалай Васільевіч,Беразіно,Панфілава Ул.
Бех Васіль Пятровіч,Бярозаўка,Панчанка Ул.
Вароніна Ружа Леанідаўна,Браслаў,Папаніна Ул.
Витер Віктар Васільевіч,Брэст,Папярнянскага Ул.
Вежнавец Сяргей Анатольевіч,Буда-Кашалёва,Парашутная Ул.
Гуцелюк Уладзімір Іванавіч,Быхаў,Парыжскай Камуны Пл.
Громаў Віктар Канстанцінавіч,Васілевічы,Паркавая Ул.
Гардзеева Лізавета Васільеўна,Верхнядзвінск,Парніковая Ул.
Галубка Пётр Пятровіч,Ветка,Парніковы 2-Й Пер.
Дяденчук Васіль Мікітавіч,Вілейка,Парніковы 3-Й Пер.
Дубовикова Людміла Іванаўна,Віцебск,Паравозны Пер.
Дорахава Вольга Валер'еўна,Ваўкавыск,Партызанская Ул.
Дереглазов Вячаслаў Уладзіміравіч,Валожын,Партызанскі Пр.
Яфрэмаў Сяргей Віктаравіч,Высокае,Пархоменка Ул.
Жыдун Ала Якаўлеўна,Ганцавічы,Пашкевіч Ул.
Зошчын Уладзімір Васільевіч,Глыбокае,Пензенская Ул.
Захароўская Тамара Міхайлаўна,Гомель,Першамайская Ул.
Гучок Алег Анатольевіч,Горкі,Перадавая Ул.
Іваноў Уладзімір Іванавіч,Гарадок,Перадавой Пер.
Кушч Сяргей Аляксандравіч,Гродна,Перакопскага Ул.
Кузін Вадзім Аляксандравіч,Давыд-Гарадок,Пераходная Ул.
Крывашэева Ганна Уладзіславаўна,Дзяржынск,Пераходны 1-Й Пер.
Коцюрубенко Анатоль Ільіч,Дзісна,Пераходны 2-Й Пер.
Ляшчанка Сяргей Іванавіч,Добруш,Пермская Ул.
Лупеха Галіна Валянцінаўна,Докшыцы,Пермскі Пер.
Лістапад Ала Юр'еўна,Драгічын,Пясочная 2-Я Ул.
Левенец Тарас Тарасавіч,Дуброўна,Пясочная Ул.
Мячын Сяргей Уладзіміравіч,Дзятлава,Пятроўшчына Пер.
Молат Таццяна Фёдараўна,Ельск,Пятроўшчына Ул.
Міронінка Васіль Васільевіч,Жодзіна,Пілотскую Ул.
Мацвееў Аляксандр Генадзевіч,Жабінка,Пінская Ул.
Нерезько Віталь Аляксеевіч,Жыткавічы,Піянерская Ул.
Ашмарын Уладзімір Іванавіч,Жлобін,Пірагова 1-Й Пер.
Асадчук Аляксандр Іванавіч,Заслаўе,Пірагова 2-Й Пер.
Прокуда Генадзь Уладзіміравіч,Іванава,Пірагова Ул.
Палішчук Алена Лявонцьеўна,Івацэвічы,Планерная Ул.
Пігарэнка Аляксей Яўгенавіч,Іўе,Платонава Ул.
Перкоў Аляксандр Юр'евіч,Калінкавічы,Пляханава Ул.
Рудзік Уладзімір Сяргеевіч,Камянец,Пераможцаў Пр.
Равуцкі Уладзімір Уладзіміравіч,Кіраўск,Перамогі Пл.
Сыч Васіль Уладзіміравіч,Клецк,Падгорная Ул.
Стрыгункоў Юрый Аркадзьевіч,Клімавічы,Падлесная Ул.
Стэльмах Васіль Яўгенавіч,Клічаў,Падольская Ул.
Сарокін Аляксей Генадзевіч,Кобрын,Падольскі 1-Й Пер.
Цюцераў Міхаіл Іванавіч,Капыль,Падольскі 2-Й Пер.
Трафіменка Леанід Евгениевич,Косава,Падольскі 3-Й Пер.
Ткачэнка Віталь Віктаравіч,Касцюковічы,Падольскі 4-Й Пер.
Цімошчанка Сяргей Станіслававіч,Крычаў,Падшыпнікавы 1-Й Пер.
Улаков Андрэй Валянцінавіч,Крупкі,Падшыпнікавы 2-Й Пер.
Франковіч Міхаіл Міронавіч,Лепель,Падшыпнікавы Праезд
Фіцісаў Павел Міхайлавіч,Ліда,Пажарная Ул.
Харужэнка Надзея Аляксандраўна,Лагойск,Пажарскага Ул.
Цікаў Валерый Сямёнавіч,Лунінец,Палявая Ул.
Чубкі Канстанцін Юр'евіч,Любань,Палявой Пер.
Черногал Аляксандра Елисеевна,Ляхавічы,Палеская Ул.
Черепюк Васіль Анатольевіч,Мазыр,Ползунова Пер.
Блазнаў Сяргей Уладзіміравіч,Маларыта,Паліграфічная Ул.
Шкарапут Алена Андрэеўна,Мар'іна Горка,Паліграфічны 1-Й Пер.
Шек Фрыда Аляксандраўна,Мікашэвічы,Паліграфічны 2-Й Пер.
Швыдкой Мікалай Віктаравіч,Мінск,Паліграфічны 3-Й Пер.
Аляксееў Аляксандр Сяргеевіч,Мёры,Паліграфічны 4-Й Пер.
Банылян Уладзімір Васільевіч,Магілёў,Полацкі Пер.
Брусничкина Людміла Фёдараўна,Маладзечна,Палтаўская Ул.
Гайва Іван Васільевіч,Масты,Палярная Ул.
Ганчарэнка Тамара Віктараўна,Мсціслаў,Панамарова Ул.
Грыгарэнка Міхаіл Іванавіч,Мядзел,Панамарэнка Ул.
Данілевіч Павел Рамановіч,Наваполацк,Папова Ул.
Яўсеева Раіса Емяльянаўна,Нароўля,Пасялковая 1-Я Ул.
Загараднай Іван Мікалаевіч,Нясвіж,Пасялковая 2-Я Ул.
Іванова Ганна Генадзьеўну,Наваградак,Пасялковы 2-Й Пер.
Калныш Віктар Васільевіч,Новалукомль,Пасялковы 3-Й Пер.
Колотун Уладзімір Андрэевіч,Орша,Пасялковы Пер.
Катоў Віталь Уладзіміравіч,Асіповічы,Паштовая Ул.
Латыпаў Раман Назарович,Ашмяны,Пржэвальскага 2-Я Ул.
Марцірасян Ліяна Рафиковна,Пінск,Пржэвальскага Ул.
Микитюк Ганна Лявонцьеўна,Полацк,Ветлая Ул.
Нізаўцы Алег Мікалаевіч,Петрыкаў,Прывакзальная Пл.
Арлова Марына Уладзіміраўна,Паставы,Прыгарадная Ул.
Потужный Пётр Аляксеевіч,Пружаны,Прылуцкая Ул.
Радойчин Генадзь Віталевіч,Рэчыца,Прылуцкі 2-Й Пер.
Саўчанка Уладзімір Іванавіч,Рагачоў,Прыазёрная Ул.
Соколенко Вера Іванаўна,Светлагорск,Прытыцкага Ул.
Цімашэнка Алег Васільевіч,Свіслач,Правадной Пер.
Фаменка Віталь Уладзіміравіч,Сянно,Прагрэсіўная Ул.
Чердип Гхай Гхай,Скідаль,Праязны Пер.
Шеховцова Яна Уладзіславаўна,Слаўгарад,Прамвузел Шабаны
Шчур Уладзімір Мирославович,Слонім,Прамысловая Ул.
Адамовіч Ігар Аляксеевіч,Слуцк,Прафсаюзная Ул.
Бауэр Уладзімір Уладзіміравіч,Смалявічы,Прафсаюзны Пер.
Васіленка Аксана Мікалаеўна,Смаргонь,Прафсаюзны Праезд
Галака Галіна Іванаўна,Салігорск,Прушынскіх Ул.
Горач Павел Іванавіч,Старыя Дарогі,Прамая Ул.
Даненкаў Яўген Васільевіч,Стоўбцы,Пскоўская Ул.
"Дручкамі, Сяргей Анатольевіч",Столін.,Пугачоўская Ул.
Ярмак Сяргей Рыгоравіч,Талачын,Пуліхава Ул.
Заблоцкі Аляксандр Антонавіч,Тураў,Пуцейская Ул.
Іваноў Анатоль Яўгенавіч,Узда,Пуцейская Пер.
Кабарчук Уладзімір Анатольевіч,Фаніпаль,Путепроводный 1-Й Пер.
Калеснікаў Уладзімір Віктаравіч,Хойнікі,Путепроводный 2-Й Пер.
Курц Вадзім Аляксандравіч,Чавусы,Путепроводный 3-Й Пер.
Лабушева Аксана Уладзіміраўна,Чашнікі,Путепроводный 4-Й Пер.
Мазур Віктар Пятровіч,Чэрвень,Путепроводный 5-Й Пер.
Мінаяў Уладзімір Юр'евіч,Чэрыкаў,Путепроводный 6-Й Пер.
Надтачэй Дзмітрый Аляксандравіч,Чачэрск,Путепроводный 7-Й Пер.
Паўла Аляксандра Якаўлеўна,Шклоў,Путепроводный 8-Й Пер.
Пятрэнка Анатоль Мікалаевіч,Шчучын,Пуцілава Ул.
Прыходзька Ірына Сцяпанаўна,Бабруйск,Пухов.р-Н Д.дричин Садовая Ул.
Розмарица Аляксандр Уладзіміравіч,Баранавічы,Пухавічы Ленінская Ул.
Савіцкі Уладзімір Зянонавіч,Барысаў,Пухавіцкая Ул.
Сербулов Васіль Аляксеевіч,Барань,Пушкіна Пр.
Стинская Юлія Анатольеўна,Белаазёрск,Рабкораўская Ул.
Тарасенка Аляксей Віктаравіч,Бяроза,Працоўны Пер.
Хаанг Дак Хоп,Беразіно,Радыяльная Ул.
Чамярысы Віктар Рыгоравіч,Бярозаўка,Радыятарная 1-Я Ул.
Шаўчэнка Уладзімір Вітальевіч,Браслаў,Радыятарны 1-Й Пер.
Щоткин Аляксандр Станіслававіч,Брэст,Радыятарны 2-Й Пер.
Відавочны Ігар Вячаслававіч,Буда-Кашалёва,Радыятарны 3-Й Пер.
Арцёмаў Анатоль Пятровіч,Быхаў,Радыятарны 4-Й Пер.
Базя Дзмітрый Васільевіч,Васілевічы,Радыятарны 5-Й Пер.
Вергелес Ксенія Маркаўна,Верхнядзвінск,Радзішчава Ул.
Гайдаенко Неля Вітальеўна,Ветка,Вясёлкавая Ул.
Гурын Аляксандр Пятровіч,Вілейка,Разінская Ул.
Данілаў Васіль Сямёнавіч,Віцебск,Райніса Ул.
Евчев Мікалай Васільевіч,Ваўкавыск,Ракаўская Ул.
Жанберов Раман Уладзіміравіч,Валожын,Рафіева Ул.
Зэлік Аляксандр Іванавіч,Высокае,Рэвалюцыйная Ул.
Ільніцкі Яўген Яўгенавіч,Ганцавічы,Рэпіна Ул.
Каравульны Аляксандр Аляксеевіч,Глыбокае,Рачная Ул.
Каваленка Алена Анатольеўна,Гомель,Ржавецкай Ул.
Кастусёва Антаніна Уладзіміраўна,Горкі,Рыжская Ул.
Кудраўцаў Канстанцін Вітальевіч,Гарадок,Рыжскі 1-Й Пер.
Лаўранюк Максім Юр'евіч,Гродна,Рыжскі 2-Й Пер.
Лядоўская Ірына Віктараўна,Давыд-Гарадок,Рагачоўская Ул.
Магеррамова Галіна Яраславаўна,Дзяржынск,Рагачоўскі Праезд
Наважылаў Ігар Мікалаевіч,Дзісна,Крынічная Ул.
Алейнік Аляксандр Аляксеевіч,Добруш,Калядная Ул.
Паўлюк Уладзімір Уладзіміравіч,Докшыцы,Ракасоўскага Пр.
Плаксін Сяргей Пятровіч,Драгічын,Раманаўская Слабада Ул.
Рябуха Аляксандр Мікалаевіч,Дуброўна,Роменская Ул.
Сайпашев Андрэй Уладзіміравіч,Дзятлава,Ротмістрава Ул.
Сесь Аляксандр Міхайлавіч,Ельск,Румянцава Ул.
Старовойтенко Надзея Сцяпанаўна,Жодзіна,Русановіча Ул.
Цяцера Аляксандр Максімавіч,Жабінка,Русіянава Ул.
Усціменка Вадзім Аляксандравіч,Жыткавічы,Рушчыца Ул.
Фясенка Яна Анатольеўна,Жлобін,Рыбалка Ул.
Цыбульскі Іван Сцяпанавіч,Заслаўе,Рылеева Ул.
Чарнышоў Сяргей Мікалаевіч,Іванава,Рябинницкая Ул.
Широбоков Міхаіл Іванавіч,Івацэвічы,Садовая Ул.
Юрчанка Ігар Валер'евіч,Іўе,Самарскі Пер.
Яхлаков Аляксей Пятровіч,Калінкавічы,Сапёраў Ул.
Аврамченко Васіль Ісакавіч,Камянец,Свярдлова Ул.
Бабіна Валянціна Міхайлаўна,Кіраўск,Светлая Ул.
Бочковская Валянціна Іванаўна,Клецк,Свірскі 1-Й Пер.
Ветрава Сафія Фёдараўна,Клімавічы,Свірскі 2-Й Пер.
Галатон Аксана Валер'еўна,Клічаў,Свірскі 3-Й Пер.
Гардзіенка Аляксей Кузьміч,Кобрын,Свірскі 4-Й Пер.
Гусар Анатоль Міхайлавіч,Капыль,Свіслацкая Ул.
Данька Алег Міхайлавіч,Косава,Свабоды Пл.
Еўдакімава Марыя Васільеўна,Касцюковічы,Сувязістаў Ул.
Жеглатый Мікалай Фёдаравіч,Крычаў,Севастопальская Ул.
Заваліны Ігар Вячаслававіч,Крупкі,Севастопальскі Пер.
Захарчук Васіль Уладзіміравіч,Лепель,Паўночны 1-Й Пер.
Іваноў Алег Мікалаевіч,Ліда,Паўночны Пер.
Ісмаілаў Энвер,Лагойск,Сядова Ул.
Казиев Уладзімір Іванавіч,Лунінец,Сівых Ул.
Кліменка Іван Васільевіч,Любань,Сяліцкага Ул.
Корнетова Юлія Уладзіміраўна,Ляхавічы,Сямашка Ул.
Краёвай Эдуард Уладзіміравіч,Мазыр,Сямёнава Ул.
Лаўрыненка Васіль Леонтиевич,Маларыта,Сёмкава Д.
Літвін Аляксей Григориевич,Мар'іна Горка,"Сёмкава Д., Мірная Ул."
Майці Сяргей Мікітавіч,Мікашэвічы,"Сенніца Д., Усходняя Ул."
Мокры Уладзімір Кирьянович,Мінск,"Сенніца Д., Кветкавая Ул."
Нядзельскі Браніслаў Францавіч,Мёры,Сеніцкая Ул.
Омер Йилмаз сукрэ,Магілёў,Сенніцкага Праезд
Павлечко Пётр Мікалаевіч,Маладзечна,Серафімавіча Ул.
Пилевец Наталля Віктараўна,Масты,Сердзіча Ул.
Палішчук Уладзімір Васільевіч,Мсціслаў,Серабранскі Ул.
Пацёр Юрый Гаўрылавіч,Мядзел,Серабранскі Пер.
Радчанка Марцаліна Аляксандраўна,Наваполацк,Сярова Ул.
Рымар Аліна Барысаўна,Нароўля,Сеченова Ул.
Сазонаў Сяргей Васільевіч,Нясвіж,Сілікатны 1-Й Пер.
Сиденко Яўген Ігаравіч,Наваградак,Сілікатны 2-Й Пер.
Слюсар Сяргей Барысавіч,Новалукомль,Бэзавая Ул.
Старажук Мікалай Андрэевіч,Орша,Скалинская Ул.
Танцюра Сяргей Віктаравіч,Асіповічы,Скарыны 1-Й Пер.
Ткачэнка Аляксандр Рыгоравіч,Ашмяны,Скарыны Ул.
Фернанду Карына Жозеевна,Пінск,Скрыпнікава Ул.
Хілько Іван Платонавіч,Полацк,Скрыганава Ул.
Царэнка Іван Аляксандравіч,Петрыкаў,Славінскага Ул.
Чагайна Анатоль Клімовіч,Паставы,Слаўны Пер.
Шыла Юрый Пятровіч,Пружаны,Славянская Ул.
Ярмачек Анатоль Мікалаевіч,Рэчыца,Сляпянскай 5-Й Пер.
Андрюхина Ганна Андрэеўна,Рагачоў,Слясарная Ул.
Бадышев Сяргей Генадзевіч,Светлагорск,Слабадская Ул.
Бандарэнка Віктар Рыгоравіч,Свіслач,Слабадской Пер.
Васютинский Барыс Фёдаравіч,Сянно,Слабадской Праезд
Высоцкі Андрэй Мікалаевіч,Скідаль,Слонімская Ул.
Гаўрыленкі Сцяпан Васільевіч,Слаўгарад,Слуцк Леніна Ул.
Галоўчанка Ігар Уладзіміравіч,Слонім,Слуцкай Ул.
Губчак Пётр Васільевіч,Слуцк,Смірнова Ул.
Дворжицкий Павел Аляксандравіч,Смалявічы,Смалячкова Ул.
Дабравольскі Юрый Дзмітрыевіч,Смаргонь,Сморговский 1-Й Пер.
Дубинчук Аксана Вітальеўна,Салігорск,Сморговский 2-Й Пер.
Ярмілаў Аляксандр Фёдаравіч,Старыя Дарогі,Сморговский 3-Й Пер.
Жорник Віктар Григориевич,Стоўбцы,Сморговский 4-Й Пер.
Завалок Ганна Алегаўна,Столін.,Сморговский 5-Й Пер.
Іваніцкі Андрэй Андрэевіч,Талачын,Сморговский Праезд
Кавун Сяргей Мікалаевіч,Тураў,Сморговский Тракт
Квасенко Вольга Васільеўна,Узда,Снежны Пер.
Каваленка Андрэй Ігаравіч,Фаніпаль,Собінава 2-Й Пер.
Кананенка Васіль Сцяпанавіч,Хойнікі,Собінава Пер.
Лакціонаў Алег Іванавіч,Чавусы,Собінава Ул.
Ламакін Віктар Андрэевіч,Чашнікі,Савецкая Ул.
Макаринская Людміла Уладзіміраўна,Чэрвень,Талаша Ул.
Марчук Святлана Уладзіміраўна,Чэрыкаў,Талінскага Ул.
Мильковский Уладзімір Уладзіміравіч,Чачэрск,Талінскі Пер.
Матузка Іван Аляксеевіч,Шклоў,Танка Ул.
Назаревич Усевалад Мікалаевіч,Шчучын,Тарханава Ул.
Новікаў Раман Генадзевіч,Бабруйск,Татарская Ул.
Абаленскі Віктар Уладзіміравіч,Баранавічы,Ташкенцкая Ул.
Островерхов Алег Анатольевіч,Барысаў,Ташкенцкі Праезд
Павлийчук Віталь Анатольевіч,Барань,Цвёрды Пер.
Погарова ольЯ Мацвееўна,Белаазёрск,Тэлеграфны Пер.
Радчанка Вольга Анатольеўна,Бяроза,Цяністая Ул.
Раманькоў Максім Рыгоравіч,Беразіно,Цяплічнага Ул.
Садовая Марына Уладзіміраўна,Бярозаўка,Цяплічны Пер.
Сіманенка Святлана Аляксандраўна,Браслаў,Цікоцкага Ул.
Смиян Ігар Вітальевіч,Брэст,Ціміразева Ул.
Спицкий Анатоль Васільевіч,Буда-Кашалёва,Цімашэнка Ул.
Таіраў Тагаеў Безотчества,Быхаў,Тыражная Ул.
Цясленка Уладзімір Васільевіч,Васілевічы,Тыражных 1-Й Пер.
Узрютова Ганна Фёдараўна,Верхнядзвінск,Тыражных 2-Й Пер.
Федюрко Іван Рыгоравіч,Ветка,Тыражных Праезд
Хандрига Уладзімір Пятровіч,Вілейка,Ціхая Ул.
Цибулин Багдан Уладзіміравіч,Віцебск,Ціхі Пер.
Ченду Алег Іванавіч,Ваўкавыск,Табольскі Пер.
Шапавал Георгій Віктаравіч,Валожын,Таварыскі Пер.
Шиленко Сяргей Яўгенавіч,Высокае,Таварная Ст.
Шчарбак Марыя Іванаўна,Ганцавічы,Талбухіна Ул.
Юхно Віктар Макаравіч,Глыбокае,Тоўстага Ул.
Якавенка Генадзь Аляксандравіч,Гомель,Томская Ул.
Афанасьеў Анатоль Іванавіч,Горкі,Томскі Пер.
Андрэева ​​Марыя Емяльянаўна,Гарадок,Тапаграфічная Ул.
Аляксеенка Сяргей Васільевіч,Гродна,Тапаграфічны 1-Й Пер.
Бур'ян Андрэй Андрэевіч,Давыд-Гарадок,Тапаграфічны 2-Й Пер.
Бортун Аляксандр Адамовіч,Дзяржынск,Гандлёвая Ул.
Бойцун Мікалай Васільевіч,Дзісна,Тарфяной Пер.
Бех Васіль Пятровіч,Добруш,Трактарабудаўнікоў Б-Р
Вароніна Ружа Леанідаўна,Докшыцы,Транспартны Пер.
Витер Віктар Васільевіч,Драгічын,Тростенецкая Ул.
Вежнавец Сяргей Анатольевіч,Дуброўна,Трубны 1-Й Пер.
Гуцелюк Уладзімір Іванавіч,Дзятлава,Трубны 2-Й Пер.
Громаў Віктар Канстанцінавіч,Ельск,Трубны 3-Й Пер.
Гардзеева Лізавета Васільеўна,Жодзіна,Працоўная Ул.
Галубка Пётр Пятровіч,Жабінка,Тульская Ул.
Дяденчук Васіль Мікітавіч,Жыткавічы,Тульскі 1-Й Пер.
Дубовикова Людміла Іванаўна,Жлобін,Тульскі 2-Й Пер.
Дорахава Вольга Валер'еўна,Заслаўе,Тупіковая Ул.
Дереглазов Вячаслаў Уладзіміравіч,Іванава,Тургенева Ул.
Яфрэмаў Сяргей Віктаравіч,Івацэвічы,Тухачэўскага Ул.
Жыдун Ала Якаўлеўна,Іўе,Тучынскі Пер.
Зошчын Уладзімір Васільевіч,Калінкавічы,Цяпінскага Ул.
Захароўская Тамара Міхайлаўна,Камянец,Убарэвіча Ул.
Гучок Алег Анатольевіч,Кіраўск,Узда Советская Ул.
Іваноў Уладзімір Іванавіч,Клецк,Украінкі Ул.
Кушч Сяргей Аляксандравіч,Клімавічы,Украінская Ул.
Кузін Вадзім Аляксандравіч,Клічаў,Ульянаўская Ул.
Крывашэева Ганна Уладзіславаўна,Кобрын,Уманская 1-Я Ул.
Коцюрубенко Анатоль Ільіч,Капыль,Уманская Ул.
Ляшчанка Сяргей Іванавіч,Косава,Уральская Ул.
Лупеха Галіна Валянцінаўна,Касцюковічы,Ўральскі Пер.
Лістапад Ала Юр'еўна,Крычаў,Ураджайная Ул.
Левенец Тарас Тарасавіч,Крупкі,Уручскай Ул.
Мячын Сяргей Уладзіміравіч,Лепель,Уручча-3 Ул.
Молат Таццяна Фёдараўна,Ліда,Сядзібная Ул.
Міронінка Васіль Васільевіч,Лагойск,Сядзібны Пер.
Мацвееў Аляксандр Генадзевіч,Лунінец,Уфімская Ул.
Нерезько Віталь Аляксеевіч,Любань,Вучнёўскі Пер.
Ашмарын Уладзімір Іванавіч,Ляхавічы,Ушакова Пер.
Асадчук Аляксандр Іванавіч,Мазыр,Ушакова Ул.
Прокуда Генадзь Уладзіміравіч,Маларыта,Ушацкая Ул.
Палішчук Алена Лявонцьеўна,Мар'іна Горка,Фабрыцыуса Ул.
Пігарэнка Аляксей Яўгенавіч,Мікашэвічы,Фабрычная Ул.
Перкоў Аляксандр Юр'евіч,Мінск,Фаніпальскага Ул.
Рудзік Уладзімір Сяргеевіч,Мёры,Фаніпальскага Пер.
Равуцкі Уладзімір Уладзіміравіч,Магілёў,Фёдарава Ул.
Сыч Васіль Уладзіміравіч,Маладзечна,Фядотава Пер.
Стрыгункоў Юрый Аркадзьевіч,Масты,Фядотава Ул.
Стэльмах Васіль Яўгенавіч,Мсціслаў,Фізкультурная Ул.
Сарокін Аляксей Генадзевіч,Мядзел,Фізкультурны 2-Й Пер.
Цюцераў Міхаіл Іванавіч,Наваполацк,Фізкультурны Пер.
Трафіменка Леанід Евгениевич,Нароўля,Філатава Ул.
Ткачэнка Віталь Віктаравіч,Нясвіж,Філімонава Ул.
Цімошчанка Сяргей Станіслававіч,Наваградак,Фогеля Ул.
Улаков Андрэй Валянцінавіч,Новалукомль,Фальваркова Ул.
Франковіч Міхаіл Міронавіч,Орша,Фаміна 1-Й Пер.
Фіцісаў Павел Міхайлавіч,Асіповічы,Фаміна 2-Й Пер.
Харужэнка Надзея Аляксандраўна,Ашмяны,Фаміна Ул.
Цікаў Валерый Сямёнавіч,Пінск,Фролікава Ул.
Чубкі Канстанцін Юр'евіч,Полацк,Фрунзе Ул.
Черногал Аляксандра Елисеевна,Петрыкаў,Фучык Ул.
Черепюк Васіль Анатольевіч,Паставы,Хабараўску Ул.
Блазнаў Сяргей Уладзіміравіч,Пружаны,Халтурына 1-Й Пер.
Шкарапут Алена Андрэеўна,Рэчыца,Халтурына 2-Й Пер.
Шек Фрыда Аляксандраўна,Рагачоў,Халтурына Ул.
Швыдкой Мікалай Віктаравіч,Светлагорск,Харкаўская Ул.
Кавун Сяргей Мікалаевіч,Свіслач,Харкаўскі 3-Й Пер.
Квасенко Вольга Васільеўна,Сянно,Хмарынскія Ул.
Каваленка Андрэй Ігаравіч,Скідаль,Хмялеўскага Ул.
Кананенка Васіль Сцяпанавіч,Слаўгарад,Хмяльніцкага Ул.
Лакціонаў Алег Іванавіч,Слонім,Халмагорская Ул.
Ламакін Віктар Андрэевіч,Слуцк,Халмагорская 1-Й Пер.
Макаринская Людміла Уладзіміраўна,Смалявічы,Халмагорская 2-Й Пер.
Марчук Святлана Уладзіміраўна,Смаргонь,Халмагорская 3-Й Пер.
Мильковский Уладзімір Уладзіміравіч,Салігорск,Халмагорская 4-Й Пер.
Матузка Іван Аляксеевіч,Старыя Дарогі,Харужай Ул.
Назаревич Усевалад Мікалаевіч,Стоўбцы,Хотежино Д.
Новікаў Раман Генадзевіч,Столін.,Цэнтральная Ул.
Абаленскі Віктар Уладзіміравіч,Талачын,Цэткін Ул.
Островерхов Алег Анатольевіч,Тураў,"Цна Д., Багдановіча Ул."
Павлийчук Віталь Анатольевіч,Узда,"Цна Д., Бальшавік СЧЗ."
Погарова ольЯ Мацвееўна,Фаніпаль,Цна-Йодково Д.
Радчанка Вольга Анатольеўна,Хойнікі,"Цнянка Д., Балотны Пер."
Раманькоў Максім Рыгоравіч,Чавусы,Цнянскага Ул.
Садовая Марына Уладзіміраўна,Чашнікі,Чайкіна Лізы Ул.
Сіманенка Святлана Аляксандраўна,Чэрвень,Чайкоўскага Пер.
Смиян Ігар Вітальевіч,Чэрыкаў,Чайкоўскага Праезд
Спицкий Анатоль Васільевіч,Чачэрск,Чайкоўскага Ул.
Таіраў Тагаеў Безотчества,Шклоў,Чайлыткі Ул.
Цясленка Уладзімір Васільевіч,Шчучын,Чапаева Ул.
Узрютова Ганна Фёдараўна,Бабруйск,Чарота Ул.
Федюрко Іван Рыгоравіч,Баранавічы,Чабатарова Ул.
Хандрига Уладзімір Пятровіч,Барысаў,Чакаліна Праезд
Цибулин Багдан Уладзіміравіч,Барань,Чакаліна Ул.
Ченду Алег Іванавіч,Белаазёрск,Чалюскінцаў 2-Й Пер.
Шапавал Георгій Віктаравіч,Бяроза,Чалюскінцаў Ул.
Шиленко Сяргей Яўгенавіч,Беразіно,Чэрвень Свабоды Пл.
Шчарбак Марыя Іванаўна,Бярозаўка,Чарвякова Пер.
Юхно Віктар Макаравіч,Браслаў,Чарвякова Ул.
Якавенка Генадзь Аляксандравіч,Брэст,Чарнігаўская Ул.
Афанасьеў Анатоль Іванавіч,Буда-Кашалёва,Чарнігаўскі Пер.
Андрэева ​​Марыя Емяльянаўна,Быхаў,Чарнышэўскага 1-Й Пер.
Аляксеенка Сяргей Васільевіч,Васілевічы,Чарнышэўскага Ул.
Бур'ян Андрэй Андрэевіч,Верхнядзвінск,Чарняхоўскага Ул.
Бортун Аляксандр Адамовіч,Ветка,Чертяж Д.
Бойцун Мікалай Васільевіч,Вілейка,"Чертяж Д., Усходняя Ул."
Бех Васіль Пятровіч,Віцебск,Чэхава Ул.
Вароніна Ружа Леанідаўна,Ваўкавыск,Чыгладзэ Ул.
Витер Віктар Васільевіч,Валожын,Чыжэўскіх Пер.
Вежнавец Сяргей Анатольевіч,Высокае,Чыжэўскіх Праезд
Гуцелюк Уладзімір Іванавіч,Ганцавічы,Чыжэўскіх Ул.
Громаў Віктар Канстанцінавіч,Глыбокае,Чыжоўская Ул.
Гардзеева Лізавета Васільеўна,Гомель,Чычэрына Ул.
Галубка Пётр Пятровіч,Горкі,Чкалава Ул.
Дяденчук Васіль Мікітавіч,Гарадок,Чорнага Пер.
Дубовикова Людміла Іванаўна,Гродна,Чорнага Ул.
Дорахава Вольга Валер'еўна,Давыд-Гарадок,Шабаны Ул.
Дереглазов Вячаслаў Уладзіміравіч,Дзяржынск,Шаблоўская Ул.
Яфрэмаў Сяргей Віктаравіч,Дзісна,Шаранговіча Ул.
Жыдун Ала Якаўлеўна,Добруш,Шацько Ул.
Зошчын Уладзімір Васільевіч,Докшыцы,Шафарнянская Ул.
Захароўская Тамара Міхайлаўна,Драгічын,Шаўчэнка Б-Р
Гучок Алег Анатольевіч,Дуброўна,Шэпічы Ул.
Іваноў Уладзімір Іванавіч,Дзятлава,Шырокая Ул.
Кушч Сяргей Аляксандравіч,Ельск,Шышкіна Ул.
Кузін Вадзім Аляксандравіч,Жодзіна,Школьны Пер.
Крывашэева Ганна Уладзіславаўна,Жабінка,Шорная Ул.
Коцюрубенко Анатоль Ільіч,Жыткавічы,Шасэйная Ул.
Ляшчанка Сяргей Іванавіч,Жлобін,Шугаева Ул.
Лупеха Галіна Валянцінаўна,Заслаўе,Шумілінская Ул.
Лістапад Ала Юр'еўна,Іванава,Шчадрына 1-Й Пер.
Левенец Тарас Тарасавіч,Івацэвічы,Шчадрына 2-Й Пер.
Мячын Сяргей Уладзіміравіч,Іўе,Шчадрына 3-Й Пер.
Молат Таццяна Фёдараўна,Калінкавічы,Шчадрына Ул.
Міронінка Васіль Васільевіч,Камянец,Шчэпкіна Ул.
Мацвееў Аляксандр Генадзевіч,Кіраўск,Шчарбакова Пер.
Нерезько Віталь Аляксеевіч,Клецк,Шчарбакова Ул.
Ашмарын Уладзімір Іванавіч,Клімавічы,Щетовка Ул.
Асадчук Аляксандр Іванавіч,Клічаў,Шчорса 1-Я Ул.
Прокуда Генадзь Уладзіміравіч,Кобрын,Шчорса 2-Я Ул.
Палішчук Алена Лявонцьеўна,Капыль,Шчорса 3-Я Ул.
Пігарэнка Аляксей Яўгенавіч,Косава,Шчорса 4-Я Ул.
Перкоў Аляксандр Юр'евіч,Касцюковічы,Шчорса 5-Я Ул.
Рудзік Уладзімір Сяргеевіч,Крычаў,Шчорса Ул.
Равуцкі Уладзімір Уладзіміравіч,Крупкі,Экскаватарны Ул.
Сыч Васіль Уладзіміравіч,Лепель,Экскаватарны Пер.
Стрыгункоў Юрый Аркадзьевіч,Ліда,Энгельса Ул.
Стэльмах Васіль Яўгенавіч,Лагойск,Энергетычны Праезд
Сарокін Аляксей Генадзевіч,Лунінец,Юбілейная Пл.
Цюцераў Міхаіл Іванавіч,Любань,Юбілейная Ул.
Трафіменка Леанід Евгениевич,Ляхавічы,Юбілейны Пер.
Ткачэнка Віталь Віктаравіч,Мазыр,Паўднёвая Ул.
Цімошчанка Сяргей Станіслававіч,Маларыта,Паўднёвы 1-Й Пер.
Улаков Андрэй Валянцінавіч,Мар'іна Горка,Юнацкая Ул.
Франковіч Міхаіл Міронавіч,Мікашэвічы,Юнацкі 1-Й Пер.
Фіцісаў Павел Міхайлавіч,Мінск,Юнацкі 2-Й Пер.
Харужэнка Надзея Аляксандраўна,Мёры,Яблыневая Ул.
Цікаў Валерый Сямёнавіч,Магілёў,Якубава Ул.
Чубкі Канстанцін Юр'евіч,Маладзечна,Якубоўскага Ул.
Черногал Аляксандра Елисеевна,Масты,Янкоўскага Ул.
Черепюк Васіль Анатольевіч,Мсціслаў,Ярковская Ул.
Блазнаў Сяргей Уладзіміравіч,Мядзел,Ярошевичская Ул.
Шкарапут Алена Андрэеўна,Наваполацк,Ярошевичский Пер.
Шек Фрыда Аляксандраўна,Нароўля,Ясная Ул 
